date,avg_value
2016-11-10,255.0
2016-11-11,273.0
2016-11-12,239.0
2016-11-13,178.0
2016-11-14,168.0
2016-11-15,201.0
2016-11-16,246.0
2016-11-17,210.0
2016-11-18,195.0
2016-11-19,200.0
2016-11-20,212.0
2016-11-21,198.0
2016-11-22,115.0
2016-11-23,143.0
2016-11-24,227.0
2016-11-25,90.6
2016-11-26,79.6
2016-11-27,101.0
2016-11-28,75.5
2016-11-29,168.0
2016-11-30,247.0
2016-12-01,275.0
2016-12-02,283.0
2016-12-03,179.0
2016-12-04,154.0
2016-12-05,172.0
2016-12-06,276.0
2016-12-07,277.0
2016-12-08,256.0
2016-12-09,228.0
2016-12-10,222.0
2016-12-11,189.0
2016-12-12,173.0
2016-12-13,171.0
2016-12-14,143.0
2016-12-15,151.0
2016-12-16,149.0
2016-12-17,228.0
2016-12-18,232.0
2016-12-19,246.0
2016-12-20,161.0
2016-12-21,117.0
2016-12-22,161.0
2016-12-23,336.0
2016-12-24,446.0
2016-12-25,280.0
2016-12-26,188.0
2016-12-27,177.0
2016-12-28,198.0
2016-12-29,264.0
2016-12-30,211.0
2016-12-31,206.0
2017-01-01,168.0
2017-01-02,173.0
2017-01-03,217.0
2017-01-04,172.0
2017-01-05,157.0
2017-01-06,161.0
2017-01-07,133.0
2017-01-08,124.0
2017-01-09,144.0
2017-01-10,102.0
2017-01-11,140.0
2017-01-12,216.0
2017-01-13,226.0
2017-01-14,301.0
2017-01-15,179.0
2017-01-16,167.0
2017-01-17,127.0
2017-01-18,167.0
2017-01-19,162.0
2017-01-20,106.0
2017-01-21,214.0
2017-01-22,251.0
2017-01-23,224.0
2017-01-24,192.0
2017-01-25,211.0
2017-01-26,137.0
2017-01-27,49.5
2017-01-28,117.0
2017-01-29,107.0
2017-01-30,156.0
2017-01-31,151.0
2017-02-01,115.0
2017-02-02,178.0
2017-02-03,191.0
2017-02-04,150.0
2017-02-05,136.0
2017-02-06,164.0
2017-02-07,67.3
2017-02-08,125.0
2017-02-09,110.0
2017-02-10,108.0
2017-02-11,108.0
2017-02-12,126.0
2017-02-13,109.0
2017-02-14,125.0
2017-02-15,126.0
2017-02-16,114.0
2017-02-17,95.6
2017-02-18,96.2
2017-02-19,102.0
2017-02-20,97.2
2017-02-21,90.3
2017-02-22,91.0
2017-02-23,39.9
2017-02-24,45.5
2017-02-25,56.4
2017-02-26,94.3
2017-02-27,76.0
2017-02-28,59.4
2017-03-01,89.8
2017-03-02,97.3
2017-03-03,43.3
2017-03-04,64.9
2017-03-05,67.0
2017-03-06,79.7
2017-03-07,77.7
2017-03-08,48.6
2017-03-09,47.0
2017-03-10,32.7
2017-03-11,22.1
2017-03-12,31.3
2017-03-13,60.4
2017-03-14,50.8
2017-03-15,100.0
2017-03-16,95.4
2017-03-17,85.6
2017-03-18,73.5
2017-03-19,68.4
2017-03-20,109.0
2017-03-21,183.0
2017-03-22,87.1
2017-03-23,122.0
2017-03-24,102.0
2017-03-25,57.7
2017-03-26,75.0
2017-03-27,67.8
2017-03-28,110.0
2017-03-29,106.0
2017-03-30,54.6
2017-03-31,66.8
2017-04-01,91.7
2017-04-02,80.0
2017-04-03,56.6
2017-04-04,45.9
2017-04-05,26.6
2017-04-06,47.3
2017-04-07,155.0
2017-04-08,111.0
2017-04-09,29.3
2017-04-10,38.0
2017-04-11,60.6
2017-04-12,78.1
2017-04-13,96.8
2017-04-14,120.0
2017-04-15,110.0
2017-04-16,612.0
2017-04-17,969.0
2017-04-18,203.0
2017-04-19,78.4
2017-04-20,83.4
2017-04-21,101.0
2017-04-22,99.7
2017-04-23,97.6
2017-04-24,305.0
2017-04-25,65.7
2017-04-26,33.3
2017-04-27,54.5
2017-04-28,62.3
2017-04-29,34.7
2017-04-30,
2017-05-01,36.5
2017-05-02,85.4
2017-05-03,109.0
2017-05-04,70.2
2017-05-05,154.0
2017-05-06,140.0
2017-05-07,131.0
2017-05-08,122.0
2017-05-09,69.9
2017-05-10,54.4
2017-05-11,230.0
2017-05-12,156.0
2017-05-13,98.9
2017-05-14,86.8
2017-05-15,64.5
2017-05-16,92.3
2017-05-17,58.3
2017-05-18,71.3
2017-05-19,54.1
2017-05-20,64.7
2017-05-21,112.0
2017-05-22,161.0
2017-05-23,118.0
2017-05-24,71.2
2017-05-25,59.6
2017-05-26,75.5
2017-05-27,48.5
2017-05-28,30.0
2017-05-29,37.9
2017-05-30,50.7
2017-05-31,42.3
2017-06-01,72.2
2017-06-02,94.5
2017-06-03,74.4
2017-06-04,78.0
2017-06-05,40.7
2017-06-06,45.8
2017-06-07,26.4
2017-06-08,35.3
2017-06-09,57.8
2017-06-10,61.1
2017-06-11,34.1
2017-06-12,47.2
2017-06-13,39.0
2017-06-14,45.8
2017-06-15,62.3
2017-06-16,43.5
2017-06-17,116.0
2017-06-18,53.6
2017-06-19,51.6
2017-06-20,26.9
2017-06-21,137.0
2017-06-22,59.6
2017-06-23,40.3
2017-06-24,49.8
2017-06-25,64.6
2017-06-26,45.8
2017-06-27,34.5
2017-06-28,24.6
2017-06-29,19.9
2017-06-30,18.9
2017-07-01,36.5
2017-07-02,20.3
2017-07-03,40.0
2017-07-04,43.6
2017-07-05,47.8
2017-07-06,46.6
2017-07-07,42.2
2017-07-08,40.0
2017-07-09,55.6
2017-07-10,38.9
2017-07-11,33.5
2017-07-12,21.3
2017-07-13,21.1
2017-07-14,24.3
2017-07-15,26.0
2017-07-16,
2017-07-17,
2017-07-18,27.8
2017-07-19,46.9
2017-07-20,31.0
2017-07-21,28.3
2017-08-11,21.2
2017-08-12,14.8
2017-08-13,20.0
2017-08-14,23.9
2017-08-15,28.9
2017-08-16,30.9
2017-08-17,35.2
2017-08-18,37.0
2017-08-19,33.5
2017-08-20,23.4
2017-08-21,27.0
2017-08-22,-5.41
2017-08-23,-6.27
2017-08-24,116.0
2017-08-25,57.0
2017-08-26,
2017-08-27,
2017-08-28,
2017-08-29,
2017-08-30,
2017-08-31,
2017-09-01,
2017-09-02,
2017-09-03,
2017-09-04,
2017-09-05,
2017-09-06,
2017-09-07,37.5
2017-09-08,60.1
2017-09-09,50.8
2017-09-10,55.2
2017-09-11,56.8
2017-09-12,133.0
2017-09-13,51.5
2017-09-14,64.0
2017-09-15,55.0
2017-09-16,49.5
2017-09-17,43.0
2017-09-18,44.0
2017-09-19,52.2
2017-09-20,51.0
2017-09-21,35.6
2017-09-22,9.5
2017-09-23,9.67
2017-09-24,30.3
2017-09-25,49.2
2017-09-26,68.4
2017-09-27,82.6
2017-09-28,71.3
2017-09-29,186.0
2017-09-30,73.0
2017-10-01,84.9
2017-10-02,56.2
2017-10-03,55.0
2017-10-04,76.7
2017-10-05,63.7
2017-10-06,57.1
2017-10-07,66.7
2017-10-08,106.0
2017-10-09,98.2
2017-10-10,101.0
2017-10-11,101.0
2017-10-12,128.0
2017-10-13,121.0
2017-10-14,114.0
2017-10-15,1180.0
2017-10-16,873.0
2017-10-17,135.0
2017-10-18,149.0
2017-10-19,155.0
2017-10-20,605.0
2017-10-21,232.0
2017-10-22,156.0
2017-10-23,139.0
2017-10-24,158.0
2017-10-25,309.0
2017-10-26,155.0
2017-10-27,161.0
2017-10-28,178.0
2017-10-29,189.0
2017-10-30,192.0
2017-10-31,226.0
2017-11-01,205.0
2017-11-02,168.0
2017-11-03,193.0
2017-11-04,193.0
2017-11-05,209.0
2017-11-06,166.0
2017-11-07,562.0
2017-11-08,939.0
2017-11-09,550.0
2017-11-10,418.0
2017-11-11,346.0
2017-11-12,497.0
2017-11-13,438.0
2017-11-14,300.0
2017-11-15,213.0
2017-11-16,215.0
2017-11-17,162.0
2017-11-18,173.0
2017-11-19,174.0
2017-11-20,178.0
2017-11-21,189.0
2017-11-22,180.0
2017-11-23,182.0
2017-11-24,181.0
2017-11-25,184.0
2017-11-26,206.0
2017-11-27,226.0
2017-11-28,144.0
2017-11-29,162.0
2017-11-30,224.0
2017-12-01,194.0
2017-12-02,171.0
2017-12-03,242.0
2017-12-04,277.0
2017-12-05,279.0
2017-12-06,156.0
2017-12-27,202.0
2017-12-28,283.0
2017-12-29,239.0
2017-12-30,299.0
2017-12-31,282.0
2018-01-01,369.0
2018-01-02,385.0
2018-01-03,302.0
2018-01-04,234.0
2018-01-05,291.0
2018-01-06,273.0
2018-01-07,242.0
2018-01-08,165.0
2018-01-09,338.0
2018-01-10,212.0
2018-01-11,175.0
2018-01-12,195.0
2018-01-13,201.0
2018-01-14,204.0
2018-01-15,241.0
2018-01-16,139.0
2018-01-17,233.0
2018-01-18,364.0
2018-01-19,281.0
2018-01-20,187.0
2018-01-21,160.0
2018-01-22,204.0
2018-01-23,208.0
2018-01-24,179.0
2018-01-25,144.0
2018-01-26,197.0
2018-01-27,200.0
2018-01-28,208.0
2018-01-29,193.0
2018-01-30,163.0
2018-01-31,144.0
2018-02-01,143.0
2018-02-02,162.0
2018-02-03,94.7
2018-02-04,154.0
2018-02-05,157.0
2018-02-06,162.0
2018-02-07,129.0
2018-02-08,151.0
2018-02-09,167.0
2018-02-10,141.0
2018-02-11,111.0
2018-02-12,82.4
2018-02-13,84.3
2018-02-14,68.3
2018-02-15,67.0
2018-02-16,871.0
2018-02-17,1990.0
2018-02-18,1990.0
2018-02-19,1990.0
2018-02-20,1080.0
2018-02-21,513.0
2018-02-22,144.0
2018-02-23,123.0
2018-02-24,138.0
2018-02-25,99.4
2018-02-26,70.6
2018-02-27,66.6
2018-02-28,150.0
2018-03-01,107.0
2018-03-02,118.0
2018-03-03,106.0
2018-03-04,66.3
2018-03-05,77.1
2018-03-06,78.2
2018-03-07,80.8
2018-03-08,72.4
2018-03-09,140.0
2018-03-10,79.9
2018-03-11,90.1
2018-03-12,108.0
2018-03-13,71.6
2018-03-14,75.3
2018-03-15,74.8
2018-03-16,76.5
2018-03-17,52.0
2018-03-18,92.0
2018-03-19,62.4
2018-03-20,212.0
2018-03-21,126.0
2018-03-22,68.7
2018-03-23,52.2
2018-03-24,68.6
2018-03-25,84.0
2018-03-26,87.2
2018-03-27,82.3
2018-03-28,75.9
2018-03-29,64.1
2018-03-30,71.7
2018-03-31,89.3
2018-04-01,56.4
2018-04-02,70.2
2018-04-03,82.8
2018-04-04,77.5
2018-04-05,134.0
2018-04-06,72.5
2018-04-07,29.5
2018-04-08,40.2
2018-04-09,44.6
2018-04-10,55.9
2018-04-11,37.3
2018-04-12,26.7
2018-04-13,57.1
2018-04-14,71.2
2018-04-15,81.2
2018-04-16,83.7
2018-04-17,53.3
2018-04-18,48.7
2018-04-19,77.5
2018-04-20,82.9
2018-04-21,126.0
2018-04-22,43.8
2018-04-23,69.2
2018-04-24,216.0
2018-04-25,75.3
2018-04-26,110.0
2018-04-27,89.9
2018-04-28,80.9
2018-04-29,78.1
2018-04-30,68.3
2018-05-01,44.6
2018-05-02,53.9
2018-05-03,42.4
2018-05-04,34.8
2018-05-05,52.8
2018-05-06,83.4
2018-05-07,78.3
2018-05-08,55.0
2018-05-09,76.2
2018-05-10,82.7
2018-05-11,115.0
2018-05-12,141.0
2018-05-13,87.1
2018-05-14,40.7
2018-05-15,58.8
2018-05-16,175.0
2018-05-17,86.7
2018-05-18,87.2
2018-05-19,72.9
2018-05-20,64.0
2018-05-21,53.0
2018-05-22,802.0
2018-05-23,502.0
2018-05-24,240.0
2018-05-25,514.0
2018-05-26,93.4
2018-05-27,65.0
2018-05-28,82.3
2018-05-29,92.2
2018-05-30,48.5
2018-05-31,51.5
2018-06-01,59.0
2018-06-02,37.7
2018-06-03,45.1
2018-06-04,53.6
2018-06-05,39.0
2018-06-06,46.2
2018-06-07,58.4
2018-06-08,60.6
2018-06-09,47.0
2018-06-10,47.2
2018-06-11,60.6
2018-06-12,141.0
2018-06-13,229.0
2018-06-14,340.0
2018-06-15,127.0
2018-06-16,154.0
2018-06-17,
2018-06-18,33.0
2018-06-19,41.1
2018-06-20,56.6
2018-06-21,64.4
2018-06-22,60.5
2018-06-23,67.0
2018-06-24,47.3
2018-06-25,65.7
2018-06-26,42.9
2018-06-27,38.8
2018-06-28,21.1
2018-06-29,33.5
2018-06-30,38.3
2018-07-01,25.7
2018-07-02,27.0
2018-07-03,36.0
2018-07-04,41.8
2018-07-05,46.8
2018-07-06,50.2
2018-07-07,56.6
2018-07-08,60.1
2018-07-09,71.4
2018-07-10,43.0
2018-07-11,37.3
2018-07-12,48.1
2018-07-13,29.9
2018-07-14,32.9
2018-07-15,30.8
2018-07-16,116.0
2018-07-17,53.0
2018-07-18,30.9
2018-07-19,34.1
2018-07-20,36.6
2018-07-21,55.4
2018-07-22,27.2
2018-07-23,29.7
2018-07-24,36.1
2018-07-25,30.2
2018-07-26,30.1
2018-07-27,26.0
2018-07-28,126.0
2018-07-29,32.2
2018-07-30,631.0
2018-07-31,41.2
2018-08-01,40.5
2018-08-02,64.2
2018-08-03,54.8
2018-08-04,56.6
2018-08-05,54.9
2018-08-06,48.7
2018-08-07,41.7
2018-08-08,24.4
2018-08-09,26.3
2018-08-10,34.7
2018-08-11,22.9
2018-08-12,13.7
2018-08-13,20.2
2018-08-14,35.0
2018-08-15,35.7
2018-08-16,24.9
2018-08-17,19.6
2018-08-18,20.4
2018-08-19,40.6
2018-08-20,103.0
2018-08-21,
2018-08-22,
2018-08-23,237.0
2018-08-24,11.5
2018-08-25,12.1
2018-08-26,175.0
2018-08-27,14.5
2018-08-28,23.2
2018-08-29,16.8
2018-08-30,132.0
2018-08-31,43.1
2018-09-01,293.0
2018-09-02,1990.0
2018-09-03,962.0
2018-09-04,402.0
2018-09-05,1140.0
2018-09-06,34.5
2018-09-07,29.0
2018-09-08,16.9
2018-09-09,13.1
2018-09-10,92.6
2018-09-11,182.0
2018-09-12,-7.64
2018-09-13,-5.64
2018-09-14,122.0
2018-09-15,1990.0
2018-09-16,34.1
2018-09-17,52.4
2018-09-18,48.3
2018-09-19,53.0
2018-09-20,236.0
2018-09-21,198.0
2018-09-22,96.9
2018-09-23,25.8
2018-09-24,15.0
2018-09-25,17.6
2018-09-26,34.0
2018-09-27,59.6
2018-09-28,66.6
2018-09-29,72.0
2018-09-30,50.7
2018-10-01,63.9
2018-10-02,168.0
2018-10-03,137.0
2018-10-04,86.1
2018-10-05,101.0
2018-10-06,162.0
2018-10-07,69.8
2018-10-08,101.0
2018-10-09,267.0
2018-10-10,77.8
2018-10-11,49.4
2018-10-12,60.9
2018-10-13,114.0
2018-10-14,80.2
2018-10-15,129.0
2018-10-16,98.2
2018-10-17,103.0
2018-10-18,96.8
2018-10-19,112.0
2018-10-20,141.0
2018-10-21,111.0
2018-10-22,103.0
2018-10-23,81.7
2018-10-24,124.0
2018-10-25,516.0
2018-10-26,90.4
2018-10-27,190.0
2018-10-28,192.0
2018-10-29,212.0
2018-10-30,261.0
2018-10-31,199.0
2018-11-01,205.0
2018-11-02,191.0
2018-11-03,147.0
2018-11-04,80.5
2018-11-05,342.0
2018-11-06,167.0
2018-11-07,132.0
2018-11-08,459.0
2018-11-09,278.0
2018-11-10,254.0
2018-11-11,218.0
2018-11-12,238.0
2018-11-13,230.0
2018-11-14,470.0
2018-11-15,92.9
2018-11-16,145.0
2018-11-17,122.0
2018-11-18,132.0
2018-11-19,329.0
2018-11-20,197.0
2018-11-21,228.0
2018-11-22,101.0
2018-11-23,166.0
2018-11-24,99.1
2018-11-25,100.0
2018-11-26,620.0
2018-11-27,138.0
2018-11-28,150.0
2018-11-29,165.0
2018-11-30,177.0
2018-12-01,144.0
2018-12-02,107.0
2018-12-03,152.0
2018-12-04,168.0
2018-12-05,154.0
2018-12-06,178.0
2018-12-07,180.0
2018-12-08,202.0
2018-12-09,186.0
2018-12-10,238.0
2018-12-11,249.0
2018-12-12,192.0
2018-12-13,84.0
2018-12-14,122.0
2018-12-17,175.0
2018-12-18,217.0
2018-12-19,267.0
2018-12-20,229.0
2018-12-21,260.0
2018-12-22,319.0
2018-12-23,355.0
2018-12-24,313.0
2018-12-25,308.0
2018-12-26,223.0
2018-12-27,239.0
2018-12-28,252.0
2018-12-29,227.0
2018-12-30,252.0
2018-12-31,323.0
2019-01-01,273.0
2019-01-02,281.0
2019-01-03,341.0
2019-01-04,242.0
2019-01-05,228.0
2019-01-06,170.0
2019-01-07,180.0
2019-01-08,179.0
2019-01-09,139.0
2019-01-10,226.0
2019-01-11,245.0
2019-01-12,236.0
2019-01-13,292.0
2019-01-14,71.7
2019-01-15,112.0
2019-01-16,230.0
2019-01-17,295.0
2019-01-18,229.0
2019-01-19,223.0
2019-01-20,222.0
2019-01-21,149.0
2019-01-22,45.1
2019-01-23,304.0
2019-01-24,136.0
2019-01-25,75.8
2019-01-26,103.0
2019-01-27,141.0
2019-01-28,111.0
2019-01-29,120.0
2019-01-30,196.0
2019-01-31,220.0
2019-02-01,173.0
2019-02-02,196.0
2019-02-03,146.0
2019-02-04,124.0
2019-02-05,180.0
2019-02-06,639.0
2019-02-07,1540.0
2019-02-08,1450.0
2019-02-09,70.6
2019-02-10,152.0
2019-02-11,366.0
2019-02-12,
2019-02-13,
2019-02-14,
2019-02-15,
2019-02-16,
2019-02-17,
2019-02-18,
2019-02-19,
2019-02-20,
2019-02-21,
2019-02-22,
2019-02-23,
2019-02-24,
2019-02-25,
2019-02-26,
2019-02-27,
2019-02-28,
2019-03-01,
2019-03-02,
2019-03-03,
2019-03-04,
2019-03-05,
2019-03-06,
2019-03-07,
2019-03-08,
2019-03-09,
2019-03-10,
2019-03-11,
2019-03-12,
2019-03-13,
2019-03-14,
2019-03-15,-2.0
2019-03-16,
2019-03-17,
2019-03-18,45.0
2019-03-19,90.5
2019-03-20,71.1
2019-03-21,122.0
2019-03-22,34.8
2019-03-23,48.7
2019-03-24,57.4
2019-03-25,64.4
2019-03-26,79.0
2019-03-27,66.0
2019-03-28,72.4
2019-03-29,83.3
2019-03-30,83.0
2019-03-31,53.8
2019-04-01,65.4
2019-04-02,64.2
2019-04-03,72.0
2019-04-04,92.5
2019-04-05,70.7
2019-04-06,73.9
2019-04-07,135.0
2019-04-08,71.4
2019-04-09,67.3
2019-04-10,88.1
2019-04-11,58.4
2019-04-12,56.5
2019-04-13,57.3
2019-04-14,48.7
2019-04-15,49.4
2019-04-16,62.9
2019-04-17,18.9
2019-04-18,34.8
2019-04-19,77.0
2019-04-20,92.5
2019-04-21,81.7
2019-04-22,97.8
2019-04-23,93.6
2019-04-24,157.0
2019-04-25,87.3
2019-04-26,77.3
2019-04-27,76.3
2019-04-28,99.0
2019-04-29,95.8
2019-04-30,87.7
2019-05-01,101.0
2019-05-02,81.5
2019-05-03,112.0
2019-05-04,87.8
2019-05-05,131.0
2019-05-06,116.0
2019-05-07,117.0
2019-05-08,232.0
2019-05-09,157.0
2019-05-10,130.0
2019-05-11,105.0
2019-05-12,227.0
2019-05-13,247.0
2019-05-14,49.1
2019-05-15,68.7
2019-05-16,65.3
2019-05-17,70.1
2019-05-18,40.3
2019-05-19,85.0
2019-05-20,92.3
2019-05-21,158.0
2019-05-22,54.0
2019-05-23,83.3
2019-05-24,39.3
2019-05-25,41.8
2019-05-26,53.1
2019-05-27,51.1
2019-05-28,62.2
2019-05-29,60.8
2019-05-30,246.0
2019-05-31,69.8
2019-06-01,82.2
2019-06-02,64.7
2019-06-03,61.0
2019-06-04,53.0
2019-06-05,61.9
2019-06-06,311.0
2019-06-07,47.9
2019-06-08,44.7
2019-06-09,62.9
2019-06-10,53.3
2019-06-11,97.3
2019-06-12,64.9
2019-06-13,43.6
2019-06-14,41.9
2019-06-15,71.1
2019-06-16,44.6
2019-06-17,233.0
2019-06-18,463.0
2019-06-19,
2019-06-20,37.2
2019-06-21,64.4
2019-06-22,62.5
2019-06-23,37.4
2019-06-24,23.7
2019-06-25,52.1
2019-06-26,64.8
2019-06-27,55.2
2019-06-28,58.3
2019-06-29,56.7
2019-06-30,69.2
2019-07-01,459.0
2019-07-02,62.5
2019-07-03,33.8
2019-07-04,31.2
2019-07-05,46.0
2019-07-06,31.8
2019-07-07,33.8
2019-07-08,50.3
2019-07-09,44.8
2019-07-10,74.3
2019-07-11,76.8
2019-07-12,57.3
2019-07-13,61.5
2019-07-14,64.4
2019-07-15,43.7
2019-07-16,115.0
2019-07-17,34.6
2019-07-18,28.3
2019-07-19,57.5
2019-07-20,43.7
2019-07-21,44.2
2019-07-22,51.0
2019-07-23,64.8
2019-07-24,59.5
2019-07-25,19.8
2019-07-26,30.2
2019-07-27,23.1
2019-07-28,19.0
2019-07-29,18.0
2019-07-30,24.9
2019-07-31,25.8
2019-08-01,29.8
2019-08-02,32.6
2019-08-03,35.2
2019-08-04,50.4
2019-08-05,48.6
2019-08-06,28.2
2019-08-07,31.0
2019-08-08,22.0
2019-08-09,13.2
2019-08-10,14.2
2019-08-11,25.1
2019-08-12,19.5
2019-08-13,21.2
2019-08-14,29.7
2019-08-15,30.5
2019-08-16,16.4
2019-08-17,9.63
2019-08-18,13.1
2019-08-19,36.0
2019-08-20,45.9
2019-08-21,44.5
2019-08-22,47.5
2019-08-23,53.5
2019-08-24,67.9
2019-08-25,
2019-08-26,18.4
2019-08-27,36.6
2019-08-28,37.5
2019-08-29,31.9
2019-08-30,33.0
2019-08-31,44.1
2019-09-01,32.0
2019-09-02,45.0
2019-09-03,67.6
2019-09-04,75.4
2019-09-05,30.0
2019-09-06,28.5
2019-09-07,27.5
2019-09-08,32.4
2019-09-09,51.3
2019-09-10,52.3
2019-09-11,73.1
2019-09-12,55.5
2019-09-13,30.4
2019-09-14,25.0
2019-09-15,36.2
2019-09-16,54.0
2019-09-17,57.3
2019-09-18,33.8
2019-09-19,20.4
2019-09-20,30.2
2019-09-21,34.9
2019-09-22,23.0
2019-09-23,30.8
2019-09-24,32.8
2019-09-25,29.9
2019-09-26,17.3
2019-09-27,12.0
2019-09-28,17.1
2019-09-29,13.4
2019-09-30,27.0
2019-10-01,29.3
2019-10-02,36.3
2019-10-03,50.7
2019-10-04,45.0
2019-10-05,36.0
2019-10-06,53.6
2019-10-07,54.9
2019-10-08,38.3
2019-10-09,73.7
2019-10-10,84.4
2019-10-11,129.0
2019-10-12,59.0
2019-10-13,59.0
2019-10-14,59.0
2019-10-15,101.0
2019-10-16,133.0
2019-10-17,107.0
2019-10-18,86.2
2019-10-19,72.3
2019-10-20,97.3
2019-10-21,109.0
2019-10-22,89.8
2019-10-23,101.0
2019-10-24,138.0
2019-10-25,115.0
2019-10-26,123.0
2019-10-27,169.0
2019-10-28,252.0
2019-10-29,264.0
2019-10-30,254.0
2019-10-31,290.0
2019-11-01,389.0
2019-11-02,328.0
2019-11-03,602.0
2019-11-04,260.0
2019-11-05,195.0
2019-11-06,90.0
2019-11-07,203.0
2019-11-08,153.0
2019-11-09,190.0
2019-11-10,162.0
2019-11-11,243.0
2019-11-12,375.0
2019-11-13,407.0
2019-11-14,402.0
2019-11-15,460.0
2019-11-16,184.0
2019-11-17,101.0
2019-11-18,102.0
2019-11-19,119.0
2019-11-20,137.0
2019-11-21,199.0
2019-11-22,172.0
2019-11-23,131.0
2019-11-24,110.0
2019-11-25,116.0
2019-11-26,102.0
2019-11-27,63.3
2019-11-28,31.7
2019-11-29,53.4
2019-11-30,105.0
2019-12-01,130.0
2019-12-02,132.0
2019-12-03,129.0
2019-12-04,128.0
2019-12-05,243.0
2019-12-06,253.0
2019-12-07,237.0
2019-12-08,230.0
2019-12-09,241.0
2019-12-10,202.0
2019-12-11,255.0
2019-12-12,265.0
2019-12-13,107.0
2019-12-14,83.8
2019-12-15,99.9
2019-12-16,102.0
2019-12-17,99.7
2019-12-18,149.0
2019-12-19,278.0
2019-12-20,336.0
2019-12-21,285.0
2019-12-22,155.0
2019-12-23,190.0
2019-12-24,290.0
2019-12-25,185.0
2019-12-26,218.0
2019-12-27,242.0
2019-12-28,296.0
2019-12-29,366.0
2019-12-30,361.0
2019-12-31,226.0
2020-01-01,322.0
2020-01-02,287.0
2020-01-03,233.0
2020-01-04,206.0
2020-01-05,161.0
2020-01-06,151.0
2020-01-07,120.0
2020-01-08,106.0
2020-01-09,105.0
2020-01-10,140.0
2020-01-11,156.0
2020-01-12,193.0
2020-01-13,221.0
2020-01-14,115.0
2020-01-15,110.0
2020-01-16,156.0
2020-01-17,114.0
2020-01-18,132.0
2020-01-19,135.0
2020-01-20,154.0
2020-01-21,206.0
2020-01-22,223.0
2020-01-23,68.5
2020-01-24,73.2
2020-01-25,119.0
2020-01-26,182.0
2020-01-27,200.0
2020-01-28,112.0
2020-01-29,75.7
2020-01-30,97.0
2020-01-31,92.6
2020-02-01,100.0
2020-02-02,131.0
2020-02-03,128.0
2020-02-04,167.0
2020-02-05,135.0
2020-02-06,117.0
2020-02-07,148.0
2020-02-08,147.0
2020-02-09,154.0
2020-02-10,185.0
2020-02-11,167.0
2020-02-12,188.0
2020-02-13,97.5
2020-02-14,73.1
2020-02-15,80.3
2020-02-16,113.0
2020-02-17,163.0
2020-02-18,132.0
2020-02-19,119.0
2020-02-20,103.0
2020-02-21,55.1
2020-02-22,63.3
2020-02-23,96.8
2020-02-24,62.4
2020-02-25,151.0
2020-02-26,132.0
2020-02-27,103.0
2020-02-28,86.3
2020-02-29,59.8
2020-03-01,36.4
2020-03-02,82.5
2020-03-03,72.5
2020-03-04,73.3
2020-03-05,27.7
2020-03-06,19.6
2020-03-07,40.5
2020-03-08,88.1
2020-03-09,42.1
2020-03-10,85.7
2020-03-11,55.5
2020-03-12,51.8
2020-03-13,59.5
2020-03-14,37.4
2020-03-15,58.9
2020-03-16,64.5
2020-03-17,73.2
2020-03-18,65.2
2020-03-19,83.1
2020-03-20,87.6
2020-03-21,67.1
2020-03-22,70.4
2020-03-23,58.5
2020-03-24,45.7
2020-03-25,30.8
2020-03-26,41.5
2020-03-27,26.3
2020-03-28,17.5
2020-03-29,24.6
2020-03-30,36.7
2020-03-31,34.4
2020-04-01,30.5
2020-04-02,24.1
2020-04-03,35.9
2020-04-04,37.6
2020-04-05,43.5
2020-04-06,51.7
2020-04-07,33.0
2020-04-08,33.5
2020-04-09,35.3
2020-04-10,59.9
2020-04-11,45.3
2020-04-12,41.3
2020-04-13,60.3
2020-04-14,44.9
2020-04-15,50.1
2020-04-16,65.3
2020-04-17,23.8
2020-04-18,28.0
2020-04-19,32.1
2020-04-20,38.5
2020-04-21,33.3
2020-04-22,49.9
2020-04-23,47.5
2020-04-24,51.6
2020-04-26,42.2
2020-04-27,27.0
2020-04-28,37.6
2020-04-29,52.6
2020-04-30,51.8
2020-05-01,57.6
2020-05-02,35.9
2020-05-03,33.3
2020-05-04,25.0
2020-05-05,45.0
2020-05-06,53.1
2020-05-07,35.8
2020-05-08,44.2
2020-05-09,54.6
2020-05-10,45.1
2020-05-11,44.5
2020-05-12,43.5
2020-05-13,65.5
2020-05-14,44.9
2020-05-15,50.5
2020-05-16,76.8
2020-05-17,89.4
2020-05-18,89.1
2020-05-19,92.5
2020-05-20,62.3
2020-05-21,43.4
2020-05-22,70.9
2020-05-23,61.0
2020-05-24,46.1
2020-05-25,61.3
2020-05-26,56.8
2020-05-27,44.3
2020-05-28,38.2
2020-05-29,24.9
2020-05-30,22.8
2020-05-31,21.7
2020-06-01,37.4
2020-06-02,43.6
2020-06-03,46.3
2020-06-04,63.5
2020-06-05,34.7
2020-06-06,28.5
2020-06-07,28.2
2020-06-08,38.0
2020-06-09,58.7
2020-06-10,48.1
2020-06-11,45.6
2020-06-12,60.2
2020-06-13,46.1
2020-06-14,61.8
2020-06-15,46.8
2020-06-16,39.5
2020-06-17,28.9
2020-06-18,34.7
2020-06-19,62.2
2020-06-20,36.7
2020-06-21,38.4
2020-06-22,38.8
2020-06-23,26.6
2020-06-24,28.3
2020-06-25,31.4
2020-06-26,40.8
2020-06-27,36.4
2020-06-28,56.3
2020-06-29,38.5
2020-06-30,37.4
2020-07-01,48.7
2020-07-02,57.0
2020-07-03,61.7
2020-07-04,41.8
2020-07-05,28.3
2020-07-06,39.4
2020-07-07,11.9
2020-07-08,21.0
2020-07-09,27.4
2020-07-10,22.0
2020-07-11,16.8
2020-07-12,19.2
2020-07-13,27.4
2020-07-14,35.9
2020-07-15,39.3
2020-07-16,27.4
2020-07-17,41.8
2020-07-18,39.0
2020-07-19,21.0
2020-07-20,16.9
2020-07-21,20.3
2020-07-22,15.4
2020-07-23,29.8
2020-07-24,36.2
2020-07-25,27.9
2020-07-26,33.5
2020-07-27,29.2
2020-07-28,21.3
2020-07-29,21.5
2020-07-30,14.4
2020-07-31,30.1
2020-08-03,19.8
2020-08-04,21.3
2020-08-05,35.0
2020-08-06,8.94
2020-08-07,21.9
2020-08-08,45.1
2020-08-09,21.2
2020-08-10,25.2
2020-08-11,36.4
2020-08-12,22.6
2020-08-13,12.0
2020-08-14,17.7
2020-08-15,26.6
2020-08-16,17.5
2020-08-17,25.1
2020-08-18,24.1
2020-08-19,18.5
2020-08-20,17.1
2020-08-21,16.7
2020-08-22,15.9
2020-08-23,16.6
2020-08-24,11.6
2020-08-25,15.2
2020-08-26,12.6
2020-08-27,14.7
2020-08-28,21.7
2020-08-29,27.2
2020-08-30,12.3
2020-08-31,4.67
2020-09-01,14.5
2020-09-02,17.5
2020-09-03,30.8
2020-09-04,39.9
2020-09-05,16.8
2020-09-06,23.0
2020-09-07,45.0
2020-09-08,27.8
2020-09-09,49.5
2020-09-10,52.0
2020-09-11,58.3
2020-09-12,54.0
2020-09-13,59.8
2020-09-14,67.1
2020-09-15,56.8
2020-09-16,62.0
2020-09-17,41.6
2020-09-18,37.4
2020-09-19,50.7
2020-09-20,60.5
2020-09-21,58.7
2020-09-22,30.8
2020-09-23,23.3
2020-09-24,33.5
2020-09-25,49.2
2020-09-26,58.7
2020-09-27,31.8
2020-09-28,64.5
2020-09-29,64.9
2020-09-30,54.2
2020-10-01,55.0
2020-10-02,68.0
2020-10-03,74.3
2020-10-04,78.7
2020-10-05,60.1
2020-10-06,66.9
2020-10-07,80.5
2020-10-08,74.7
2020-10-09,81.5
2020-10-10,90.0
2020-10-11,88.5
2020-10-12,109.0
2020-10-13,118.0
2020-10-14,111.0
2020-10-15,120.0
2020-10-16,97.2
2020-10-17,116.0
2020-10-18,107.0
2020-10-19,112.0
2020-10-20,91.2
2020-10-21,87.6
2020-10-22,135.0
2020-10-23,204.0
2020-10-24,157.0
2020-10-25,157.0
2020-10-26,174.0
2020-10-27,165.0
2020-10-28,161.0
2020-10-29,214.0
2020-10-30,208.0
2020-10-31,260.0
2020-11-01,258.0
2020-11-02,140.0
2020-11-03,156.0
2020-11-04,346.0
2020-11-05,268.0
2020-11-06,220.0
2020-11-07,304.0
2020-11-08,301.0
2020-11-09,532.0
2020-11-10,496.0
2020-11-11,122.0
2020-11-12,167.0
2020-11-13,159.0
2020-11-14,343.0
2020-11-15,322.0
2020-11-16,91.2
2020-11-17,80.4
2020-11-18,113.0
2020-11-19,123.0
2020-11-20,144.0
2020-11-21,126.0
2020-11-22,141.0
2020-11-23,145.0
2020-11-24,231.0
2020-11-25,275.0
2020-11-26,161.0
2020-11-27,80.8
2020-11-28,119.0
2020-11-29,117.0
2020-11-30,158.0
2020-12-01,213.0
2020-12-02,206.0
2020-12-03,215.0
2020-12-04,222.0
2020-12-05,256.0
2020-12-06,217.0
2020-12-07,296.0
2020-12-08,208.0
2020-12-09,175.0
2020-12-10,125.0
2020-12-11,148.0
2020-12-13,86.5
2020-12-14,86.0
2020-12-15,127.0
2020-12-16,129.0
2020-12-17,151.0
2020-12-18,134.0
2020-12-19,191.0
2020-12-20,180.0
2020-12-21,184.0
2020-12-22,300.0
2020-12-23,333.0
2020-12-24,324.0
2020-12-25,219.0
2020-12-26,205.0
2020-12-27,274.0
2020-12-28,95.0
2020-12-29,132.0
2020-12-30,166.0
2020-12-31,249.0
2021-01-01,382.0
2021-01-02,416.0
2021-01-03,128.0
2021-01-04,87.1
2021-01-05,70.8
2021-01-06,132.0
2021-01-07,127.0
2021-01-08,158.0
2021-01-09,163.0
2021-01-10,138.0
2021-01-11,139.0
2021-01-12,192.0
2021-01-13,251.0
2021-01-14,425.0
2021-01-15,408.0
2021-01-16,295.0
2021-01-17,256.0
2021-01-18,214.0
2021-01-19,312.0
2021-01-20,148.0
2021-01-21,150.0
2021-01-22,224.0
2021-01-23,190.0
2021-01-24,244.0
2021-01-25,179.0
2021-01-26,175.0
2021-01-27,180.0
2021-01-28,262.0
2021-01-29,229.0
2021-01-30,145.0
2021-01-31,125.0
2021-02-01,298.0
2021-02-02,213.0
2021-02-03,179.0
2021-02-04,158.0
2021-02-05,72.4
2021-02-06,118.0
2021-02-07,136.0
2021-02-08,183.0
2021-02-09,193.0
2021-02-10,151.0
2021-02-11,191.0
2021-02-12,225.0
2021-02-13,163.0
2021-02-14,194.0
2021-02-15,197.0
2021-02-16,177.0
2021-02-17,161.0
2021-02-18,135.0
2021-02-19,179.0
2021-02-20,
2021-02-21,
2021-02-22,100.0
2021-02-23,85.9
2021-02-24,97.0
2021-02-25,137.0
2021-02-26,153.0
2021-02-27,55.0
2021-02-28,47.7
2021-03-01,66.8
2021-03-02,63.8
2021-03-03,95.0
2021-03-04,94.9
2021-03-05,98.5
2021-03-06,110.0
2021-03-07,101.0
2021-03-08,106.0
2021-03-09,139.0
2021-03-10,65.5
2021-03-11,109.0
2021-03-12,67.8
2021-03-13,77.7
2021-03-14,98.8
2021-03-15,97.6
2021-03-16,116.0
2021-03-17,108.0
2021-03-18,110.0
2021-03-19,104.0
2021-03-20,114.0
2021-03-21,91.9
2021-03-22,71.5
2021-03-23,69.9
2021-03-24,62.7
2021-03-25,46.8
2021-03-26,76.9
2021-03-27,78.5
2021-03-28,74.6
2021-03-29,87.3
2021-03-30,82.4
2021-03-31,60.3
2021-04-01,45.2
2021-04-02,62.4
2021-04-03,34.4
2021-04-04,57.7
2021-04-05,76.6
2021-04-06,125.0
2021-04-07,67.1
2021-04-08,47.4
2021-04-09,81.9
2021-04-10,71.9
2021-04-11,67.9
2021-04-12,112.0
2021-04-13,87.8
2021-04-14,65.9
2021-04-15,75.1
2021-04-16,65.8
2021-04-17,37.0
2021-04-18,51.0
2021-04-19,66.7
2021-04-20,58.8
2021-04-21,38.6
2021-04-22,41.2
2021-04-23,40.8
2021-04-24,32.1
2021-04-27,96.5
2021-04-28,170.0
2021-04-29,150.0
2021-04-30,105.0
2021-05-01,96.8
2021-05-02,77.3
2021-05-03,124.0
2021-05-04,63.1
2021-05-05,64.8
2021-05-06,63.6
2021-05-07,55.7
2021-05-08,54.8
2021-05-09,56.4
2021-05-10,48.8
2021-05-11,45.6
2021-05-12,35.3
2021-05-13,34.8
2021-05-14,55.5
2021-05-15,47.1
2021-05-16,51.9
2021-05-17,75.8
2021-05-18,23.4
2021-05-19,23.0
2021-05-20,23.5
2021-05-21,23.7
2021-05-22,20.4
2021-05-25,42.0
2021-05-26,60.3
2021-05-27,39.6
2021-05-28,29.8
2021-05-29,18.9
2021-05-30,18.7
2021-05-31,37.8
2021-06-01,23.0
2021-06-02,50.4
2021-06-03,59.1
2021-06-04,47.9
2021-06-05,43.2
2021-06-06,36.3
2021-06-07,53.2
2021-06-08,62.8
2021-06-10,34.0
2021-06-11,39.5
2021-06-12,35.4
2021-06-13,36.8
2021-06-14,35.3
2021-06-15,30.2
2021-06-16,28.7
2021-06-17,35.8
2021-06-18,29.3
2021-06-19,21.8
2021-06-20,25.5
2021-06-21,35.3
2021-06-22,42.2
2021-06-23,75.2
2021-06-24,49.6
2021-06-25,47.1
2021-06-26,41.7
2021-06-27,70.9
2021-06-28,63.8
2021-06-29,73.7
2021-06-30,64.0
2021-07-01,27.0
2021-07-02,54.7
2021-07-03,36.1
2021-07-04,47.2
2021-07-05,41.2
2021-07-06,42.0
2021-07-07,55.1
2021-07-08,45.5
2021-07-09,44.9
2021-07-10,35.6
2021-07-13,26.6
2021-07-14,27.9
2021-07-15,44.4
2021-07-16,35.3
2021-07-17,43.0
2021-07-18,25.9
2021-07-19,11.5
2021-07-20,28.4
2021-07-21,32.2
2021-07-22,26.3
2021-07-23,26.6
2021-07-24,34.3
2021-07-25,37.1
2021-08-03,19.5
2021-08-04,17.3
2021-08-05,29.4
2021-08-06,47.4
2021-08-07,36.5
2021-08-08,51.4
2021-08-09,49.2
2021-08-10,34.5
2021-08-11,26.0
2021-08-12,27.1
2021-08-13,28.4
2021-08-14,26.5
2021-08-15,27.9
2021-08-16,33.5
2021-08-17,43.0
2021-08-18,51.9
2021-08-19,68.3
2021-08-20,38.9
2021-08-21,20.3
2021-08-22,30.9
2021-08-23,28.9
2021-08-24,39.5
2021-08-25,30.9
2021-08-26,27.2
2021-08-27,40.7
2021-08-28,44.1
2021-08-29,46.1
2021-08-30,17.4
2021-08-31,18.4
2021-09-01,18.8
2021-09-02,24.8
2021-09-03,20.3
2021-09-04,20.0
2021-09-05,33.1
2021-09-06,40.5
2021-09-07,40.1
2021-09-08,20.8
2021-09-09,26.4
2021-09-10,28.0
2021-09-11,17.4
2021-09-12,23.0
2021-09-13,33.4
2021-09-14,24.5
2021-09-15,15.4
2021-09-16,18.7
2021-09-17,19.3
2021-09-18,29.5
2021-09-19,24.8
2021-09-20,25.5
2021-09-21,27.9
2021-09-22,24.1
2021-09-23,22.0
2021-09-24,20.6
2021-09-25,39.2
2021-09-26,30.6
2021-09-27,48.6
2021-09-28,45.4
2021-09-29,29.7
2021-09-30,29.2
2021-10-01,43.1
2021-10-02,49.6
2021-10-03,30.5
2021-10-04,27.4
2021-10-05,36.1
2021-10-06,45.5
2021-10-07,63.8
2021-10-08,70.6
2021-10-09,67.4
2021-10-10,50.5
2021-10-11,49.6
2021-10-12,74.4
2021-10-13,
2021-10-14,59.9
2021-10-15,90.9
2021-10-16,157.0
2021-10-17,129.0
2021-10-18,11.9
2021-10-19,50.5
2021-10-20,98.5
2021-10-21,67.2
2021-10-22,45.8
2021-10-23,53.5
2021-10-24,60.7
2021-10-25,38.1
2021-10-26,67.7
2021-10-27,106.0
2021-10-28,131.0
2021-10-29,141.0
2021-10-30,100.0
2021-10-31,131.0
2021-11-01,111.0
2021-11-02,128.0
2021-11-03,147.0
2021-11-04,295.0
2021-11-05,392.0
2021-11-06,334.0
2021-11-07,256.0
2021-11-08,241.0
2021-11-09,264.0
2021-11-10,215.0
2021-11-11,279.0
2021-11-12,409.0
2021-11-13,293.0
2021-11-14,159.0
2021-11-15,184.0
2021-11-16,254.0
2021-11-17,193.0
2021-11-18,173.0
2021-11-19,225.0
2021-11-20,204.0
2021-11-21,197.0
2021-11-22,155.0
2021-11-23,137.0
2021-11-24,193.0
2021-11-25,250.0
2021-11-26,259.0
2021-11-27,215.0
2021-11-28,284.0
2021-11-29,204.0
2021-11-30,183.0
2021-12-01,216.0
2021-12-02,305.0
2021-12-03,213.0
2021-12-04,167.0
2021-12-05,145.0
2021-12-06,156.0
2021-12-07,116.0
2021-12-08,119.0
2021-12-09,148.0
2021-12-10,156.0
2021-12-11,117.0
2021-12-12,116.0
2021-12-13,154.0
2021-12-14,201.0
2021-12-15,197.0
2021-12-16,210.0
2021-12-17,164.0
2021-12-18,159.0
2021-12-19,143.0
2021-12-20,183.0
2021-12-21,225.0
2021-12-22,268.0
2021-12-23,332.0
2021-12-24,279.0
2021-12-25,350.0
2021-12-26,369.0
2021-12-27,127.0
2021-12-28,128.0
2021-12-29,125.0
2021-12-30,152.0
2021-12-31,205.0
2022-01-01,224.0
2022-01-02,271.0
2022-01-03,248.0
2022-01-04,207.0
2022-01-05,279.0
2022-01-06,124.0
2022-01-07,80.0
2022-01-08,48.0
2022-01-09,45.3
2022-01-10,105.0
2022-01-11,116.0
2022-01-12,121.0
2022-01-13,246.0
2022-01-14,228.0
2022-01-15,164.0
2022-01-16,160.0
2022-01-17,203.0
2022-01-18,219.0
2022-01-19,202.0
2022-01-20,275.0
2022-01-21,205.0
2022-01-22,148.0
2022-01-23,116.0
2022-01-24,104.0
2022-01-25,126.0
2022-01-26,127.0
2022-01-27,168.0
2022-01-28,96.8
2022-01-29,124.0
2022-01-30,153.0
2022-01-31,229.0
2022-02-01,227.0
2022-02-02,176.0
2022-02-03,173.0
2022-02-04,55.5
2022-02-05,121.0
2022-02-06,109.0
2022-02-07,116.0
2022-02-08,115.0
2022-02-09,95.7
2022-02-10,77.8
2022-02-11,78.3
2022-02-12,79.5
2022-02-13,109.0
2022-02-14,87.7
2022-02-15,77.5
2022-02-16,109.0
2022-02-17,103.0
2022-02-18,106.0
2022-02-19,74.5
2022-02-20,81.1
2022-02-21,65.0
2022-02-22,85.1
2022-02-23,110.0
2022-02-24,137.0
2022-02-25,122.0
2022-02-26,28.7
2022-02-27,29.6
2022-02-28,39.4
2022-03-01,81.8
2022-03-02,102.0
2022-03-03,67.3
2022-03-04,78.3
2022-03-05,50.9
2022-03-06,69.1
2022-03-07,88.0
2022-03-08,108.0
2022-03-09,55.2
2022-03-10,59.5
2022-03-11,77.8
2022-03-12,72.5
2022-03-13,81.2
2022-03-14,104.0
2022-03-15,99.6
2022-03-16,86.4
2022-03-17,106.0
2022-03-18,119.0
2022-03-19,92.7
2022-03-20,83.2
2022-03-21,117.0
2022-03-22,71.9
2022-03-23,77.0
2022-03-24,71.4
2022-03-25,75.2
2022-03-26,84.8
2022-03-27,71.3
2022-03-28,113.0
2022-03-29,71.1
2022-03-30,92.0
2022-03-31,119.0
2022-04-01,74.0
2022-04-02,95.5
2022-04-03,87.6
2022-04-04,95.5
2022-04-05,101.0
2022-04-06,101.0
2022-04-07,118.0
2022-04-08,83.7
2022-04-09,82.2
2022-04-10,94.6
2022-04-11,95.1
2022-04-12,75.0
2022-04-13,92.8
2022-04-14,71.6
2022-04-15,61.4
2022-04-16,84.5
2022-04-17,95.6
2022-04-18,91.6
2022-04-19,111.0
2022-04-20,95.6
2022-04-21,86.3
2022-04-22,60.5
2022-04-23,102.0
2022-04-24,128.0
2022-04-25,94.1
2022-04-26,94.4
2022-04-27,147.0
2022-04-28,162.0
2022-04-29,120.0
2022-04-30,107.0
2022-05-01,72.8
2022-05-02,66.4
2022-05-03,87.9
2022-05-04,72.9
2022-05-05,62.0
2022-05-06,111.0
2022-05-07,66.2
2022-05-08,77.8
2022-05-09,62.0
2022-05-10,63.9
2022-05-11,
2022-05-12,
2022-05-13,
2022-05-14,
2022-05-15,
2022-05-16,
2022-05-17,
2022-05-18,
2022-05-19,
2022-05-20,
2022-05-21,
2022-05-22,
2022-05-23,
2022-05-24,
2022-05-25,
2022-05-26,
2022-05-27,
2022-05-28,
2022-05-29,
2022-05-30,
2022-05-31,
2022-06-01,
2022-06-02,
2022-06-03,
2022-06-04,49.0
2022-06-05,86.0
2022-06-06,
2022-06-07,
2022-06-08,49.6
2022-06-09,68.0
2022-06-10,78.5
2022-06-11,64.3
2022-06-12,68.7
2022-06-13,46.8
2022-06-14,55.2
2022-06-15,27.8
2022-06-16,27.4
2022-06-17,23.5
2022-06-18,27.3
2022-06-19,30.7
2022-06-20,35.3
2022-06-21,35.2
2022-06-22,46.0
2022-06-23,51.3
2022-06-24,62.5
2022-06-25,66.7
2022-06-26,69.1
2022-06-27,48.6
2022-06-28,62.8
2022-06-29,55.3
2022-06-30,32.1
2022-07-01,23.1
2022-07-02,31.8
2022-07-03,20.4
2022-07-04,48.1
2022-07-05,54.6
2022-07-06,43.9
2022-07-07,34.0
2022-07-08,28.3
2022-07-09,36.9
2022-07-10,26.9
2022-07-11,34.1
2022-07-12,19.4
2022-07-13,29.5
2022-07-14,25.3
2022-07-15,21.6
2022-07-16,20.6
2022-07-17,23.5
2022-07-18,33.3
2022-07-19,33.5
2022-07-20,11.6
2022-07-21,31.5
2022-07-22,46.3
2022-07-23,22.5
2022-07-24,19.3
2022-07-25,19.3
2022-07-26,24.0
2022-07-27,22.5
2022-07-28,16.0
2022-07-29,15.3
2022-07-30,15.3
2022-07-31,18.1
2022-08-01,17.8
2022-08-02,21.2
2022-08-03,39.6
2022-08-04,41.1
2022-08-05,28.3
2022-08-06,45.3
2022-08-07,37.2
2022-08-08,35.6
2022-08-09,36.8
2022-08-10,18.8
2022-08-11,13.4
2022-08-12,16.6
2022-08-13,23.7
2022-08-14,19.4
2022-08-15,15.1
2022-08-16,13.4
2022-08-17,9.21
2022-08-18,17.2
2022-08-19,13.2
2022-08-20,27.2
2022-08-21,39.8
2022-08-22,31.2
2022-08-23,20.0
2022-08-24,15.7
2022-08-25,24.0
2022-08-26,26.1
2022-08-27,28.1
2022-08-28,32.1
2022-08-29,39.1
2022-08-30,40.3
2022-08-31,37.8
2022-09-01,37.3
2022-09-02,35.5
2022-09-03,26.5
2022-09-04,18.0
2022-09-05,14.4
2022-09-06,28.9
2022-09-07,37.1
2022-09-08,52.1
2022-09-09,52.0
2022-09-10,46.7
2022-09-11,27.7
2022-09-12,17.4
2022-09-13,13.8
2022-09-14,12.8
2022-09-15,13.6
2022-09-16,9.96
2022-09-17,27.5
2022-09-18,35.9
2022-09-19,66.1
2022-09-20,43.2
2022-09-21,35.5
2022-09-22,21.6
2022-09-23,24.7
2022-09-24,25.9
2022-09-25,21.0
2022-09-26,42.5
2022-09-27,34.9
2022-09-28,46.3
2022-09-29,57.5
2022-09-30,69.8
2022-10-01,74.8
2022-10-02,62.6
2022-10-03,36.5
2022-10-04,53.3
2022-10-05,83.9
2022-10-06,13.0
2022-10-07,14.5
2022-10-08,9.75
2022-10-09,6.17
2022-10-10,10.7
2022-10-11,27.4
2022-10-12,58.5
2022-10-13,43.4
2022-10-14,65.1
2022-10-15,86.3
2022-10-16,92.2
2022-10-17,96.8
2022-10-18,91.5
2022-10-19,72.7
2022-10-20,80.8
2022-10-21,105.0
2022-10-22,110.0
2022-10-23,114.0
2022-10-24,203.0
2022-10-25,106.0
2022-10-26,127.0
2022-10-27,163.0
2022-10-28,183.0
2022-10-29,221.0
2022-10-30,167.0
2022-10-31,217.0
2022-11-01,233.0
2022-11-02,208.0
2022-11-03,377.0
2022-11-04,315.0
2022-11-05,191.0
2022-11-06,165.0
2022-11-07,161.0
2022-11-08,245.0
2022-11-09,83.0
2022-11-10,118.0
2022-11-11,233.0
2022-11-12,202.0
2022-11-13,160.0
2022-11-14,114.0
2022-11-15,88.3
2022-11-16,114.0
2022-11-17,134.0
2022-11-18,156.0
2022-11-19,136.0
2022-11-20,169.0
2022-11-21,150.0
2022-11-22,121.0
2022-11-23,123.0
2022-11-24,99.8
2022-11-25,126.0
2022-11-26,192.0
2022-11-27,179.0
2022-11-28,178.0
2022-11-29,218.0
2022-11-30,181.0
2022-12-01,210.0
2022-12-02,167.0
2022-12-03,196.0
2022-12-04,224.0
2022-12-05,179.0
2022-12-06,215.0
2022-12-07,138.0
2022-12-08,136.0
2022-12-09,168.0
2022-12-10,207.0
2022-12-11,145.0
2022-12-12,93.6
2022-12-13,70.5
2022-12-14,81.8
2022-12-15,90.5
2022-12-16,101.0
2022-12-17,
2022-12-18,
2022-12-19,224.0
2022-12-20,247.0
2022-12-21,226.0
2022-12-22,237.0
2022-12-23,283.0
2022-12-24,169.0
2022-12-25,200.0
2022-12-26,222.0
2022-12-27,193.0
2022-12-28,165.0
2022-12-29,192.0
2022-12-30,301.0
2022-12-31,197.0
2023-01-01,129.0
2023-01-02,269.0
2023-01-03,282.0
2023-01-04,214.0
2023-01-05,244.0
2023-01-06,312.0
2023-01-07,292.0
2023-01-08,299.0
2023-01-09,469.0
2023-01-10,300.0
2023-01-11,197.0
2023-01-12,202.0
2023-01-16,126.0
2023-01-17,153.0
2023-01-18,175.0
2023-01-19,223.0
2023-01-20,96.5
2023-01-21,198.0
2023-01-22,353.0
2023-01-23,136.0
2023-01-24,89.1
2023-01-25,95.1
2023-01-26,133.0
2023-01-27,77.6
2023-01-28,121.0
2023-01-29,68.8
2023-01-30,68.2
2023-01-31,90.2
2023-02-01,87.4
2023-02-02,102.0
2023-02-14,58.4
2023-02-15,91.0
2023-02-16,144.0
2023-03-19,80.9
2023-03-20,41.1
2023-03-21,49.3
2023-03-22,94.6
2023-03-23,39.7
2023-03-24,68.8
2023-03-25,31.4
2023-03-26,56.5
2023-03-27,51.2
2023-03-28,60.6
2023-03-29,69.8
2023-03-30,61.1
2023-03-31,5.09
2023-04-01,40.0
2023-04-02,46.0
2023-04-03,58.1
2023-04-04,36.0
2023-04-05,43.8
2023-04-06,33.6
2023-04-07,38.5
2023-04-08,65.7
2023-04-09,91.6
2023-04-10,70.2
2023-04-11,117.0
2023-04-12,88.9
2023-04-13,91.9
2023-04-14,96.9
2023-04-15,79.1
2023-04-16,75.6
2023-04-17,65.2
2023-04-18,68.0
2023-04-19,68.4
2023-04-20,-167.0
2023-04-21,54.5
2023-04-22,59.7
2023-04-23,25.0
2023-04-24,52.6
2023-04-25,51.0
2023-04-26,73.2
2023-04-27,79.5
2023-04-28,61.9
2023-04-29,45.2
2023-04-30,27.9
2023-05-01,44.2
2023-05-02,37.8
2023-05-03,-7.39
2023-05-04,50.5
2023-05-05,66.8
2023-05-06,103.0
2023-05-07,56.9
2023-05-08,29.6
2023-05-09,90.2
2023-05-10,80.8
2023-05-11,125.0
2023-05-12,74.3
2023-05-13,84.6
2023-05-14,87.8
2023-05-15,8.04
2023-05-16,129.0
2023-05-17,87.2
2023-05-18,34.5
2023-05-19,57.4
2023-05-20,56.8
2023-05-21,68.0
2023-05-22,68.3
2023-05-23,52.9
2023-05-24,29.3
2023-05-25,21.6
2023-05-26,-24.0
2023-05-27,7.29
2023-05-28,39.7
2023-05-29,29.0
2023-05-30,32.0
2023-05-31,29.6
2023-06-01,37.4
2023-06-02,34.0
2023-06-03,-334.0
2023-06-04,-914.0
2023-06-05,-999.0
2023-06-06,-65.2
2023-06-07,-488.0
2023-06-08,-839.0
2023-06-09,-802.0
2023-06-10,-809.0
2023-06-11,-916.0
2023-06-12,-233.0
2023-06-13,-576.0
2023-06-14,-348.0
2023-06-15,-62.3
2023-06-16,-15.5
2023-06-17,-204.0
2023-06-18,-521.0
2023-06-19,-774.0
2023-06-20,-202.0
2023-06-21,-438.0
2023-06-22,-644.0
2023-06-23,-50.8
2023-06-24,-180.0
2023-06-25,-26.5
2023-06-26,-263.0
2023-06-27,-553.0
2023-06-28,-94.2
2023-06-29,-26.7
2023-06-30,-383.0
2023-07-01,-357.0
2023-07-02,-60.6
2023-07-03,-414.0
2023-07-04,-137.0
2023-07-05,-118.0
2023-07-06,-146.0
2023-07-07,-121.0
2023-07-08,-685.0
2023-07-09,-842.0
2023-07-10,-773.0
2023-07-11,-279.0
2023-07-12,3.13
2023-07-13,-15.3
2023-07-14,25.0
2023-07-15,26.3
2023-07-16,20.4
2023-07-17,31.0
2023-07-18,36.4
2023-07-19,27.7
2023-07-20,30.1
2023-07-21,38.9
2023-07-22,30.6
2023-07-23,18.9
2023-07-24,23.2
2023-07-25,30.4
2023-07-26,24.6
2023-07-27,21.7
2023-07-28,23.3
2023-07-29,9.13
2023-07-30,11.1
2023-07-31,-35.3
2023-08-01,-999.0
2023-08-02,-505.0
2023-08-03,-103.0
2023-08-04,29.2
2023-08-05,28.0
2023-08-06,25.9
2023-08-07,12.1
2023-08-08,23.5
2023-08-09,27.8
2023-08-10,32.0
2023-08-11,33.6
2023-08-12,28.7
2023-08-13,22.7
2023-08-14,28.7
2023-08-15,-156.0
2023-08-16,-219.0
2023-08-17,-223.0
2023-08-18,-208.0
2023-08-19,24.7
2023-08-20,30.6
2023-08-21,31.5
2023-08-22,29.0
2023-08-23,18.8
2023-08-24,20.1
2023-08-25,-144.0
2023-08-26,-221.0
2023-08-27,-214.0
2023-08-28,-218.0
2023-08-29,-221.0
2023-08-30,-221.0
2023-08-31,-219.0
2023-09-01,-173.0
2023-09-02,-224.0
2023-09-03,-224.0
2023-09-04,-226.0
2023-09-05,-223.0
2023-09-06,-234.0
2023-09-07,-230.0
2023-09-08,-236.0
2023-09-09,-243.0
2023-09-10,-245.0
2023-09-11,-232.0
2023-09-12,-226.0
2023-09-13,-216.0
2023-09-14,-211.0
2023-09-15,-227.0
2023-09-16,-232.0
2023-09-17,-150.0
2023-09-18,-127.0
2023-09-19,-193.0
2023-09-20,-192.0
2023-09-21,-215.0
2023-09-22,-215.0
2023-09-23,-219.0
2023-09-24,-213.0
2023-09-25,-207.0
2023-09-26,-196.0
2023-09-27,-218.0
2023-09-28,-168.0
2023-09-29,-126.0
2023-09-30,-164.0
2023-10-01,-41.7
2023-10-02,-191.0
2023-10-03,-168.0
2023-10-04,-211.0
2023-10-05,-160.0
2023-10-06,-136.0
2023-10-07,-205.0
2023-10-08,-157.0
2023-10-09,-154.0
2023-10-10,-190.0
2023-10-11,-153.0
2023-10-12,-22.9
2023-10-13,87.6
2023-10-14,26.2
2023-10-15,-15.2
2023-10-16,29.4
2023-10-17,6.29
2023-10-18,-14.4
2023-10-19,11.3
2023-10-20,25.7
2023-10-21,72.7
2023-10-22,68.1
2023-10-23,79.5
2023-10-24,61.7
2023-10-25,55.8
2023-10-26,119.0
2023-10-27,105.0
2023-10-28,136.0
2023-10-29,146.0
2023-10-30,138.0
2023-10-31,189.0
2023-11-01,187.0
2023-11-02,265.0
2023-11-03,319.0
2023-11-04,358.0
2023-11-05,314.0
2023-11-06,260.0
2023-11-07,249.0
2023-11-08,300.0
2023-11-09,297.0
2023-11-10,122.0
2023-11-11,94.4
2023-11-12,132.0
2023-11-13,286.0
2023-11-14,257.0
2023-11-15,269.0
2023-11-16,345.0
2023-11-17,236.0
2023-11-18,153.0
2023-11-19,136.0
2023-11-20,187.0
2023-11-21,259.0
2023-11-22,257.0
2023-11-23,242.0
2023-11-24,269.0
2023-11-25,243.0
2023-11-26,216.0
2023-11-27,211.0
2023-11-28,132.0
2023-11-29,183.0
2023-11-30,231.0
2023-12-01,233.0
2023-12-02,174.0
2023-12-03,129.0
2023-12-04,151.0
2023-12-05,134.0
2023-12-06,140.0
2023-12-07,164.0
2023-12-08,150.0
2023-12-09,167.0
2023-12-10,168.0
2023-12-11,164.0
2023-12-12,206.0
2023-12-13,223.0
2023-12-14,172.0
2023-12-15,184.0
2023-12-16,195.0
2023-12-17,203.0
2023-12-18,178.0
2023-12-19,137.0
2023-12-20,146.0
2023-12-21,255.0
2023-12-22,343.0
2023-12-23,307.0
2023-12-24,278.0
2023-12-25,230.0
2023-12-26,247.0
2023-12-27,273.0
2023-12-28,230.0
2023-12-29,279.0
2023-12-30,303.0
2023-12-31,262.0
2024-01-01,211.0
2024-01-02,207.0
2024-01-03,222.0
2024-01-04,257.0
2024-01-05,204.0
2024-01-06,196.0
2024-01-07,193.0
2024-01-08,277.0
2024-01-09,165.0
2024-01-10,189.0
2024-01-11,221.0
2024-01-12,203.0
2024-01-13,460.0
2024-01-14,396.0
2024-01-15,208.0
2024-01-16,261.0
2024-01-17,240.0
2024-01-18,185.0
2024-01-19,202.0
2024-01-20,212.0
2024-01-21,205.0
2024-01-22,225.0
2024-01-23,253.0
2024-01-24,316.0
2024-01-25,232.0
2024-01-26,375.0
2024-01-27,194.0
2024-01-28,272.0
2024-01-29,233.0
2024-01-30,279.0
2024-01-31,253.0
2024-02-01,41.3
2024-02-02,115.0
2024-02-03,91.1
2024-02-04,142.0
2024-02-05,80.6
2024-02-06,74.9
2024-02-07,82.4
2024-02-08,71.5
2024-02-09,66.6
2024-02-10,179.0
2024-02-11,169.0
2024-02-12,179.0
2024-02-13,227.0
2024-02-14,196.0
2024-02-15,137.0
2024-02-16,127.0
2024-02-17,123.0
2024-02-18,109.0
2024-02-19,99.4
2024-02-20,136.0
2024-02-21,94.1
2024-02-22,58.4
2024-02-23,62.3
2024-02-24,81.2
2024-02-25,76.5
2024-02-26,72.0
2024-02-27,65.0
2024-02-28,63.7
2024-02-29,70.5
2024-03-01,90.7
2024-03-02,32.3
2024-03-03,51.2
2024-03-04,42.9
2024-03-05,54.3
2024-03-06,65.8
2024-03-07,79.3
2024-03-08,60.5
2024-03-09,57.5
2024-03-10,96.7
2024-03-11,77.5
2024-03-12,79.4
2024-03-13,71.3
2024-03-14,80.0
2024-03-15,39.4
2024-03-16,72.7
2024-03-17,96.3
2024-03-18,103.0
2024-03-19,73.2
2024-03-20,42.4
2024-03-21,73.7
2024-03-22,-0.152
2024-03-23,-649.0
2024-03-24,-352.0
2024-03-25,-765.0
2024-03-26,-362.0
2024-03-27,-524.0
2024-03-28,-634.0
2024-03-29,-421.0
2024-03-30,-720.0
2024-03-31,-445.0
2024-04-01,-763.0
2024-04-02,-697.0
2024-04-03,-523.0
2024-04-04,-839.0
2024-04-05,-999.0
2024-04-06,-999.0
2024-04-07,-999.0
2024-04-08,-999.0
2024-04-09,-40.2
2024-04-10,-458.0
2024-04-11,-875.0
2024-04-12,-529.0
2024-04-13,-522.0
2024-04-14,-675.0
2024-04-15,-565.0
2024-04-16,-583.0
2024-04-17,-348.0
2024-04-18,-303.0
2024-04-19,-372.0
2024-04-20,-999.0
2024-04-21,-918.0
2024-04-22,-916.0
2024-04-23,-443.0
2024-04-24,-128.0
2024-04-25,-102.0
2024-04-26,-162.0
2024-04-27,-44.5
2024-04-28,-156.0
2024-04-29,-29.5
2024-04-30,-458.0
2024-05-01,-191.0
2024-05-02,-113.0
2024-05-03,-405.0
2024-05-04,-130.0
2024-05-05,-175.0
2024-05-06,-123.0
2024-05-07,-88.8
2024-05-08,-238.0
2024-05-09,-213.0
2024-05-10,-85.8
2024-05-11,-83.1
2024-05-12,-215.0
2024-05-13,-272.0
2024-05-14,-198.0
2024-05-15,7.64
2024-05-16,-154.0
2024-05-17,-202.0
2024-05-18,-124.0
2024-05-19,-293.0
2024-05-20,-140.0
2024-05-21,-271.0
2024-05-22,-207.0
2024-05-23,-259.0
2024-05-24,-103.0
2024-05-25,-258.0
2024-05-26,-242.0
2024-05-27,-141.0
2024-05-28,-350.0
2024-05-29,-430.0
2024-05-30,-337.0
2024-05-31,-192.0
2024-06-01,70.9
2024-06-02,37.7
2024-06-03,3.89
2024-06-04,-218.0
2024-06-05,-147.0
2024-06-06,-365.0
2024-06-07,-260.0
2024-06-08,-293.0
2024-06-09,-342.0
2024-06-10,-277.0
2024-06-11,-350.0
2024-06-12,-275.0
2024-06-13,-176.0
2024-06-14,-179.0
2024-06-15,-135.0
2024-06-16,-173.0
2024-06-17,69.6
2024-06-18,-102.0
2024-06-19,52.9
2024-06-20,0.543
2024-06-21,38.6
2024-06-22,57.1
2024-06-23,33.3
2024-06-24,52.0
2024-06-25,60.7
2024-06-26,1.89
2024-06-27,-41.3
2024-06-28,7.6
2024-06-29,-30.1
2024-06-30,25.3
2024-07-01,29.9
2024-07-02,32.5
2024-07-03,30.6
2024-07-04,18.5
2024-07-05,25.1
2024-07-06,23.0
2024-07-07,7.05
2024-07-08,20.0
2024-07-09,37.7
2024-07-10,51.3
2024-07-11,45.6
2024-07-12,24.6
2024-07-13,35.0
2024-07-14,43.7
2024-07-15,41.2
2024-07-16,39.3
2024-07-17,32.3
2024-07-18,39.9
2024-07-19,57.3
2024-07-20,47.5
2024-07-21,37.1
2024-07-22,34.5
2024-07-23,44.4
2024-07-24,47.4
2024-07-25,34.3
2024-07-26,48.8
2024-07-27,39.6
2024-07-28,23.4
2024-07-29,26.8
2024-07-30,31.5
2024-07-31,22.6
2024-08-01,8.3
2024-08-02,21.4
2024-08-03,14.8
2024-08-04,10.9
2024-08-05,14.9
2024-08-06,12.2
2024-08-07,10.9
2024-08-08,12.9
2024-08-09,18.5
2024-08-10,23.9
2024-08-11,16.2
2024-08-12,24.0
2024-08-13,12.1
2024-08-14,25.2
2024-08-15,15.7
2024-08-16,12.2
2024-08-17,24.0
2024-08-18,21.6
2024-08-19,19.1
2024-08-20,16.5
2024-08-21,22.1
2024-08-22,21.4
2024-08-23,23.0
2024-08-24,49.9
2024-08-25,17.7
2024-08-26,20.9
2024-08-27,15.5
2024-08-28,15.1
2024-08-29,17.8
2024-08-30,34.4
2024-08-31,31.7
2024-09-01,33.9
2024-09-02,26.0
2024-09-03,22.4
2024-09-04,16.5
2024-09-05,25.1
2024-09-06,17.4
2024-09-07,23.0
2024-09-08,43.7
2024-09-09,41.6
2024-09-10,38.0
2024-09-11,27.0
2024-09-12,9.67
2024-09-13,10.4
2024-09-14,21.6
2024-09-15,30.8
2024-09-16,38.3
2024-09-17,47.0
2024-09-18,30.2
2024-09-19,25.6
2024-09-20,26.4
2024-09-21,32.4
2024-09-22,61.3
2024-09-23,70.3
2024-09-24,81.0
2024-09-25,72.3
2024-09-26,22.9
2024-09-27,11.4
2024-09-28,15.2
2024-09-29,22.0
2024-09-30,52.1
2024-10-01,60.0
2024-10-02,59.5
2024-10-03,44.8
2024-10-04,51.0
2024-10-05,34.9
2024-10-06,39.1
2024-10-07,43.2
2024-10-08,60.0
2024-10-09,60.9
2024-10-10,43.5
2024-10-11,55.5
2024-10-12,60.3
2024-10-13,86.9
2024-10-14,89.7
2024-10-15,75.7
2024-10-16,92.8
2024-10-17,111.0
2024-10-18,97.6
2024-10-19,100.0
2024-10-20,122.0
2024-10-21,132.0
2024-10-22,137.0
2024-10-23,184.0
2024-10-24,130.0
2024-10-25,111.0
2024-10-26,137.0
2024-10-27,60.9
2024-10-28,115.0
2024-10-29,52.0
2024-10-30,131.0
2024-10-31,127.0
2024-11-01,-162.0
2024-11-02,184.0
2024-11-03,156.0
2024-11-04,218.0
2024-11-05,122.0
2024-11-06,168.0
2024-11-07,155.0
2024-11-08,180.0
2024-11-09,164.0
2024-11-10,156.0
2024-11-11,20.9
2024-11-12,128.0
2024-11-13,385.0
2024-11-14,292.0
2024-11-15,251.0
2024-11-16,321.0
2024-11-17,409.0
2024-11-18,665.0
2024-11-19,310.0
2024-11-20,253.0
2024-11-21,190.0
2024-11-22,264.0
2024-11-23,208.0
2024-11-24,134.0
2024-11-25,259.0
2024-11-26,106.0
2024-11-27,149.0
2024-11-28,167.0
2024-11-29,195.0
2024-11-30,186.0
2024-12-01,152.0
2024-12-02,134.0
2024-12-03,120.0
2024-12-04,82.3
2024-12-05,82.6
2024-12-06,-42.8
2024-12-07,108.0
2024-12-08,148.0
2024-12-09,96.1
2024-12-10,109.0
2024-12-11,119.0
2024-12-12,164.0
2024-12-13,120.0
2024-12-14,106.0
2024-12-15,177.0
2024-12-16,215.0
2024-12-17,298.0
2024-12-18,373.0
2024-12-19,299.0
2024-12-20,332.0
2024-12-21,175.0
2024-12-22,286.0
2024-12-23,275.0
2024-12-24,191.0
2024-12-25,212.0
2024-12-26,160.0
2024-12-27,149.0
2024-12-28,91.8
2024-12-29,16.6
2024-12-30,69.1
2024-12-31,183.0
2025-01-01,210.0
2025-01-02,199.0
2025-01-03,162.0
2025-01-04,275.0
2025-01-05,-896.0
2025-01-06,-999.0
2025-01-07,-999.0
2025-01-08,-412.0
2025-01-09,262.0
2025-01-10,203.0
2025-01-11,164.0
2025-01-12,155.0
2025-01-13,125.0
2025-01-14,159.0
2025-01-15,264.0
2025-01-16,111.0
2025-01-17,99.3
2025-01-18,166.0
2025-01-19,169.0
2025-01-20,-25.7
2025-01-21,136.0
2025-01-22,124.0
2025-01-23,111.0
2025-01-24,90.8
2025-01-25,71.7
2025-01-26,86.1
2025-01-27,113.0
2025-01-28,116.0
2025-01-29,231.0
2025-01-30,131.0
2025-01-31,-13.8
2025-02-01,221.0
2025-02-02,134.0
2025-02-03,111.0
2025-02-04,157.0
2025-02-05,109.0
2025-02-06,90.5
2025-02-07,68.4
2025-02-08,75.9
2025-02-09,108.0
2025-02-10,127.0
2025-02-11,120.0
2025-02-12,78.3
2025-02-13,13.5
2025-02-14,62.4
2025-02-15,87.0
2025-02-16,146.0
2025-02-17,92.1
2025-02-18,81.9
2025-02-19,76.6
2025-02-20,53.5
2025-02-21,83.9
2025-02-22,63.2
2025-02-23,22.2
2025-02-24,84.0
2025-02-25,87.7
2025-02-26,108.0
2025-02-27,63.0
2025-02-28,-78.7
2025-03-01,58.1
2025-03-02,44.5
2025-03-03,60.0
2025-03-04,49.3
2025-03-05,30.5
2025-03-06,47.1
2025-03-07,91.4
2025-03-08,67.6
2025-03-09,81.9
2025-03-10,88.6
2025-03-11,100.0
2025-03-12,96.0
2025-03-13,78.8
2025-03-14,71.8
2025-03-15,26.5
2025-03-16,45.7
2025-03-17,53.9
2025-03-18,59.9
2025-03-19,73.0
2025-03-20,51.6
2025-03-21,69.2
2025-03-22,61.5
2025-03-23,63.5
2025-03-24,71.4
2025-03-25,89.0
2025-03-26,81.7
2025-03-27,73.4
2025-03-28,54.0
2025-03-29,37.8
2025-03-30,41.9
2025-03-31,76.3
2025-04-01,73.0
2025-04-02,95.0
2025-04-03,60.5
2025-04-04,65.6
2025-04-05,63.7
2025-04-06,75.1
2025-04-07,87.8
2025-04-08,92.6
2025-04-09,96.3
2025-04-10,67.5
2025-04-11,46.8
2025-04-12,48.6
2025-04-13,52.6
2025-04-14,67.0
2025-04-15,63.8
2025-04-16,82.1
2025-04-17,68.5
2025-04-18,87.4
2025-04-19,52.5
2025-04-20,53.0
2025-04-21,69.3
2025-04-22,81.7
2025-04-23,71.2
2025-04-24,90.8
2025-04-25,86.3
2025-04-26,117.0
2025-04-27,92.0
2025-04-28,153.0
2025-04-29,86.3
2025-04-30,86.2
2025-05-01,77.5
2025-05-02,40.0
2025-05-03,68.7
2025-05-04,81.8
2025-05-05,37.2
2025-05-06,50.2
2025-05-07,52.0
2025-05-08,70.7
2025-05-09,72.3
2025-05-11,40.9
2025-05-12,43.9
2025-05-13,27.5
2025-05-14,66.0
2025-05-15,211.0
2025-05-16,80.9
2025-05-17,36.3
2025-05-18,57.2
2025-05-19,74.0
2025-05-20,70.8
2025-05-21,59.5
2025-05-22,25.5
2025-05-23,41.4
2025-05-24,53.1
2025-05-25,24.1
2025-05-26,46.7
2025-05-27,44.0
2025-05-28,53.1
2025-05-29,51.1
2025-05-30,58.5
2025-05-31,63.4
2025-06-01,46.1
2025-06-02,40.6
2025-06-03,38.2
2025-06-04,48.5
2025-06-05,42.1
2025-06-06,41.2
2025-06-07,60.2
2025-06-08,60.2
2025-06-09,64.5
2025-06-10,55.1
2025-06-11,70.4
2025-06-12,69.1
2025-06-13,54.5
2025-06-14,59.0
2025-06-15,38.3
2025-06-16,41.0
2025-06-17,32.7
2025-06-18,39.9
2025-06-19,32.2
2025-06-20,26.0
2025-06-21,29.3
2025-06-22,33.0
2025-06-23,39.6
2025-06-24,42.0
2025-06-25,54.3
2025-06-26,29.0
2025-06-27,21.1
2025-06-28,25.8
2025-06-29,35.5
2025-06-30,28.1
2025-07-01,26.5
2025-07-02,25.0
2025-07-03,27.6
2025-07-04,25.9
2025-07-05,30.4
2025-07-06,30.4
2025-07-07,15.1
2025-07-08,28.4
2025-07-09,12.2
2025-07-10,13.6
2025-07-11,29.9
2025-07-12,30.0
2025-07-13,27.9
2025-07-14,18.1
2025-07-15,15.5
2025-07-16,25.0
2025-07-17,18.8
2025-07-18,22.2
2025-07-19,18.0
2025-07-20,21.0
2025-07-21,30.9
2025-07-22,31.0
2025-07-23,16.9
2025-07-24,28.3
2025-07-25,33.0
2025-07-26,22.9
2025-07-27,24.4
2025-07-28,32.1
2025-07-29,17.8
2025-07-30,18.9
2025-07-31,15.0
2025-08-01,16.2
2025-08-02,22.8
2025-08-03,24.9
2025-08-04,25.5
2025-08-05,23.5
2025-08-06,27.3
2025-08-07,22.7
2025-08-08,24.8
2025-08-09,17.8
2025-08-10,29.4
2025-08-11,27.1
2025-08-12,28.5
2025-08-13,31.5
2025-08-14,17.8
2025-08-15,41.4
2025-08-16,41.7
2025-08-17,29.4
2025-08-18,29.5
2025-08-19,24.9
2025-08-20,20.0
2025-08-21,24.1
2025-08-22,41.7
2025-08-23,25.7
2025-08-24,21.8
2025-08-25,19.0
2025-08-26,11.7
2025-08-27,26.2
2025-08-28,44.9
2025-08-29,33.9
2025-08-30,22.7
2025-08-31,20.1
2025-09-01,8.67
2025-09-02,9.29
2025-09-03,15.1
2025-09-04,19.0
2025-09-05,22.0
2025-09-06,25.5
2025-09-07,24.1
2025-09-08,18.6
2025-09-09,19.6
2025-09-10,19.4
2025-09-11,21.6
2025-09-12,21.8
2025-09-13,21.6
2025-09-14,29.0
2025-09-15,26.0
2025-09-16,31.3
2025-09-17,42.0
2025-09-18,43.6
2025-09-19,42.8
2025-09-20,34.7
2025-09-21,32.7
2025-09-22,32.0
2025-09-23,28.0
2025-09-24,27.4
2025-09-25,28.1
2025-09-26,30.1
2025-09-27,58.3
2025-09-28,29.1
2025-09-29,34.6
2025-09-30,33.7
2025-10-01,40.6
2025-10-02,37.2
2025-10-03,26.6
2025-10-04,57.9
2025-10-05,57.0
2025-10-06,23.9
2025-10-07,19.5
2025-10-08,36.9
2025-10-09,43.2
2025-10-10,65.2
2025-10-11,68.8
2025-10-12,63.9
2025-10-13,72.3
2025-10-14,74.6
2025-10-15,76.2
2025-10-16,88.6
2025-10-17,101.0
2025-10-18,111.0
2025-10-19,129.0
2025-10-20,182.0
2025-10-21,129.0
2025-10-22,202.0
2025-10-23,123.0
2025-10-24,103.0
2025-10-25,118.0
2025-10-26,120.0
2025-10-27,137.0
2025-10-28,127.0
2025-10-29,151.0
2025-10-30,187.0
2025-10-31,93.2
2025-11-01,213.0
2025-11-02,177.0
2025-11-03,124.0
2025-11-04,99.2
2025-11-05,107.0
2025-11-06,186.0
2025-11-07,215.0
2025-11-08,251.0
2025-11-09,213.0
2025-11-10,279.0
2025-11-11,297.0
2025-11-12,326.0
2025-11-13,287.0
2025-11-14,228.0
2025-11-16,170.0
2025-11-17,156.0
2025-11-18,208.0
2025-11-19,239.0
2025-11-20,220.0
2025-11-21,163.0
2025-11-22,180.0
2025-11-23,223.0
2025-11-24,221.0
2025-11-25,192.0
2025-11-26,164.0
2025-11-27,221.0
2025-11-28,221.0
2025-11-29,146.0
2025-11-30,155.0
2025-12-01,152.0
2025-12-02,236.0
2025-12-03,174.0
2025-12-04,173.0
2025-12-05,178.0
2025-12-06,169.0
2025-12-07,161.0
2025-12-08,152.0
2025-12-09,130.0
2025-12-10,129.0
2025-12-11,143.0
2025-12-12,191.0
2025-12-13,357.0
2025-12-14,384.0
2025-12-15,270.0
2025-12-16,184.0
2025-12-17,184.0
2025-12-18,301.0
2025-12-19,232.0
2025-12-20,275.0
2025-12-21,239.0
2025-12-22,290.0
2025-12-23,283.0
2025-12-24,108.0
2025-12-25,104.0
2025-12-26,173.0
2025-12-27,264.0
2025-12-28,247.0
2025-12-29,285.0
2025-12-30,247.0
2025-12-31,275.0
2026-01-01,234.0
2026-01-02,96.1
2026-01-03,146.0
2026-01-04,139.0
2026-01-05,132.0
2026-01-06,186.0
2026-01-07,155.0
2026-01-08,168.0
2026-01-09,215.0
2026-01-10,171.0
2026-01-11,158.0
2026-01-12,167.0
2026-01-13,260.0
2026-01-14,237.0
2026-01-15,217.0
2026-01-16,220.0
2026-01-17,368.0
2026-01-18,297.0
